Index	Seller_Name	Seller_ID	Base_Price	Shipping	CALC_Total_Price	Created_At	Condition	CALC_Has_Shopback	CALC_Has_Cashrewards	Seller_URL	Product_URL	Offer_ID	PID	Country_Code	Shopback_ID	Shopback_Name	Shopback_URL	Shopback_Commission	Shopback_Created_At	Shopback_Updated_At	Shopback_Hostname	Cashrewards_ID	Cashrewards_Name	Cashrewards_Commission_String	Cashrewards_Commission	Cashrewards_Hyphenated_Name	Cashrewards_Logo	Cashrewards_Online	Cashrewards_Instore	Cashrewards_Hostname	Cashrewards_Created_At	Cashrewards_Updated_At
1	Amazon.com.au	60	247	0	247.00	$D2025-10-01T10:14:05.777Z	new	True	True	www.amazon.com.au	https://www.amazon.com.au/dp/B0DHKSJB8S	None	66929271	None	8448	Amazon Australia	www.shopback.com.au/amazon-australia	Up to 7% Cashback	$D2023-08-01T09:56:13.775Z	$D2023-11-25T10:32:54.782Z	amazon.com.au	1003434	Amazon Australia	Up to 7% cashback	7	amazon-australia	//cdn.cashrewards.com/amazon-australia.jpg	True	False	amazon.com.au	$D2023-07-30T11:50:50.100Z	$D2023-11-30T03:50:38.698Z
2	Totally Tech	1341058063	399	0	399.00	$D2025-10-01T10:14:05.777Z	new	False	False	totallytech.com.au	https://totallytech.com.au/products/motorola-g85-5g-128gb-cobalt-blue-au-stock-6-7-full-hd-120hz-8gb-128gb-50mp-32mp-dual-sim-water-protection-5000mah-2-year-warranty?variant=46626680504540	None	66929271	None	N/A	N/A	N/A	N/A	N/A	N/A	N/A	N/A	N/A	N/A	N/A	N/A	N/A	N/A	N/A	N/A	N/A	N/A
3	mobosquare.com.au	2130077468	271.82	0	271.82	$D2025-10-01T10:14:05.777Z	new	False	False	None	https://mobosquare.com.au/products/motorola-g55-4-128gb-twilight-purple?variant=45884243607773	None	66929271	None	N/A	N/A	N/A	N/A	N/A	N/A	N/A	N/A	N/A	N/A	N/A	N/A	N/A	N/A	N/A	N/A	N/A	N/A
4	Horizon Store	395586347	349.99	0	349.99	$D2025-10-01T10:14:05.777Z	new	False	False	www.horizonstore.com.au	https://horizonstore.com.au/products/motorola-moto-g85-5g-dual-sim-128gb-8gb-6-7-olive-green?variant=44597761147068	None	66929271	None	N/A	N/A	N/A	N/A	N/A	N/A	N/A	N/A	N/A	N/A	N/A	N/A	N/A	N/A	N/A	N/A	N/A	N/A
5	JW Computers	138	271.82	0	271.82	$D2025-10-01T10:14:05.777Z	new	False	False	www.jw.com.au	https://www.jw.com.au/product/motorola-g55-5g-128gb-smartphone-green	None	66929271	None	N/A	N/A	N/A	N/A	N/A	N/A	N/A	N/A	N/A	N/A	N/A	N/A	N/A	N/A	N/A	N/A	N/A	N/A
6	Domayne	1364130860	348	0	348.00	$D2025-10-01T10:14:05.777Z	new	False	False	www.domayne.com.au	https://www.domayne.com.au/moto-g85-5g-128gb-urban-grey.html	None	66929271	None	N/A	N/A	N/A	N/A	N/A	N/A	N/A	N/A	N/A	N/A	N/A	N/A	N/A	N/A	N/A	N/A	N/A	N/A
7	Bing Lee Electrics	8	277	0	277.00	$D2025-10-01T10:14:05.777Z	new	True	True	www.binglee.com.au	https://www.binglee.com.au/products/g85-5g-8b-128gb-grey-pb2a0021au	None	66929271	None	8384	Bing Lee	www.shopback.com.au/bing-lee	6% Cashback	$D2023-08-01T09:56:13.775Z	$D2023-11-25T10:32:54.782Z	binglee.com.au	1003638	Bing Lee	1.9% cashback	1.9	bing-lee	//cdn.cashrewards.com/bing-lee.png?t=637902685380456413	True	True	binglee.com.au	$D2023-07-30T11:50:50.100Z	$D2024-09-18T10:29:30.752Z
8	PB Tech	1139	233.85	0	233.85	$D2025-10-01T10:14:05.777Z	new	False	False	www.pbtech.com	https://www.pbtech.com/au/product/MPHMOT6313928/Motorola-Mobility-moto-g55-5G-Smartphone---4GB128G	None	66929271	None	N/A	N/A	N/A	N/A	N/A	N/A	N/A	N/A	N/A	N/A	N/A	N/A	N/A	N/A	N/A	N/A	N/A	N/A
9	eBay - clearancekingdom134	276196026	89.1	0	89.10	$D2025-10-01T10:14:05.777Z	new	False	False	None	https://www.ebay.com.au/itm/146754196966	None	66929271	None	N/A	N/A	N/A	N/A	N/A	N/A	N/A	N/A	N/A	N/A	N/A	N/A	N/A	N/A	N/A	N/A	N/A	N/A
10	Reebelo Australia	13223	182.7	0	182.70	$D2025-10-01T10:14:05.777Z	new	False	False	reebelo.com.au	https://reebelo.com.au/products/motorola-moto-g-85-5-g-128-gb-urban-grey-8-gb-ram-excellent-ng7u7	None	66929271	None	N/A	N/A	N/A	N/A	N/A	N/A	N/A	N/A	N/A	N/A	N/A	N/A	N/A	N/A	N/A	N/A	N/A	N/A
11	BIG W - BIG W MARKET	769007327	499	0	499.00	$D2025-10-01T10:14:05.777Z	new	False	False	www.bigw.com.au	https://www.bigw.com.au/product/moto-g85-5g-128gb-urban-grey/p/9901262369	None	66929271	None	N/A	N/A	N/A	N/A	N/A	N/A	N/A	N/A	N/A	N/A	N/A	N/A	N/A	N/A	N/A	N/A	N/A	N/A
12	Harvey Norman Australia	11	348	0	348.00	$D2025-10-01T10:14:05.777Z	new	False	False	www.harveynorman.com.au	https://www.harveynorman.com.au/moto-g85-5g-128gb.html	None	66929271	None	N/A	N/A	N/A	N/A	N/A	N/A	N/A	N/A	N/A	N/A	N/A	N/A	N/A	N/A	N/A	N/A	N/A	N/A
13	Techciti	1400	297	0	297.00	$D2025-10-01T10:14:05.777Z	new	False	False	www.techciti.com.au	https://www.techciti.com.au/motorola-moto-g55-5g-128gb-purple	None	66929271	None	N/A	N/A	N/A	N/A	N/A	N/A	N/A	N/A	N/A	N/A	N/A	N/A	N/A	N/A	N/A	N/A	N/A	N/A
14	BM Computers On Line Store	43021	287	0	287.00	$D2025-10-01T10:14:05.777Z	new	False	False	bmcomputers.com.au	https://bmcomputers.com.au/shop/motorola-g55-mobiles-5g-128gb-6-5-made-for-use-in-au/	None	66929271	None	N/A	N/A	N/A	N/A	N/A	N/A	N/A	N/A	N/A	N/A	N/A	N/A	N/A	N/A	N/A	N/A	N/A	N/A
15	Ubuy	90513774	629	0	629.00	$D2025-10-01T10:14:05.777Z	new	False	False	www.u-buy.com.au	https://www.u-buy.com.au/product/PTRO76NQ8-motorola-moto-g85-5g-256gb-8gb-6-67-3d-curved-poled-android-14-international-model-unlocked-for-t-mobile-mint-tello-global-xt2427-1-blue	None	66929271	None	N/A	N/A	N/A	N/A	N/A	N/A	N/A	N/A	N/A	N/A	N/A	N/A	N/A	N/A	N/A	N/A	N/A	N/A
16	Campbelltown Computer Repairs	1374	299	0	299.00	$D2025-10-01T10:14:05.777Z	new	False	False	campcomprep.com.au	https://campcomprep.com.au/product/motorola-g55-5g-128gb-forest-greyau-stock6-5full-hd120hz4gb-128gb50mp-16mpsingle-esim5000mah1years-warranty/	None	66929271	None	N/A	N/A	N/A	N/A	N/A	N/A	N/A	N/A	N/A	N/A	N/A	N/A	N/A	N/A	N/A	N/A	N/A	N/A
17	microboss.com.au	78707886	376.42	0	376.42	$D2025-10-01T10:14:05.777Z	new	False	False	None	https://www.microboss.com.au/catalog/product/view/id/2334718	None	66929271	None	N/A	N/A	N/A	N/A	N/A	N/A	N/A	N/A	N/A	N/A	N/A	N/A	N/A	N/A	N/A	N/A	N/A	N/A
18	TechCart	14390	300	0	300.00	$D2025-10-01T10:14:05.777Z	new	False	False	techcart.com.au	https://techcart.com.au/product/motorola-moto-g85-xt2427-2-128gb8gb-olive-green/	None	66929271	None	N/A	N/A	N/A	N/A	N/A	N/A	N/A	N/A	N/A	N/A	N/A	N/A	N/A	N/A	N/A	N/A	N/A	N/A
19	MegaBuy	21474554	256.15	0	256.15	$D2025-10-01T10:14:05.777Z	new	False	False	www.megabuy.com.au	https://www.megabuy.com.au/motorola-g55-4128gb-forest-grey-p1389097.html	None	66929271	None	N/A	N/A	N/A	N/A	N/A	N/A	N/A	N/A	N/A	N/A	N/A	N/A	N/A	N/A	N/A	N/A	N/A	N/A
20	Etoren.com	33138	577	0	577.00	$D2025-10-01T10:14:05.777Z	new	False	False	au.etoren.com	https://au.etoren.com/products/motorola-moto-g85-5g-256gb-urban-grey-12gb-ram-global-version	None	66929271	None	N/A	N/A	N/A	N/A	N/A	N/A	N/A	N/A	N/A	N/A	N/A	N/A	N/A	N/A	N/A	N/A	N/A	N/A
21	All I.T Solutions QLD	787918218	299	0	299.00	$D2025-10-01T10:14:05.777Z	new	False	False	allitsolutions.net.au	https://allitsolutions.net.au/product/motorola-g55-5g-128gb-forest-greyau-stock6-5full-hd120hz4gb-128gb50mp-16mpdual-simwater-protection5000mah1years-warranty-pb5u0017au/	None	66929271	None	N/A	N/A	N/A	N/A	N/A	N/A	N/A	N/A	N/A	N/A	N/A	N/A	N/A	N/A	N/A	N/A	N/A	N/A
22	Joom	431422186	475.54	0	475.54	$D2025-10-01T10:14:05.777Z	new	False	False	www.joom.com	https://www.joom.com/en/products/6889274e1aef6d0136ce35a1	None	66929271	None	N/A	N/A	N/A	N/A	N/A	N/A	N/A	N/A	N/A	N/A	N/A	N/A	N/A	N/A	N/A	N/A	N/A	N/A
23	OzSpots Wireless	1525538	271.4	0	271.40	$D2025-10-01T10:14:05.777Z	new	False	False	www.ozspots.com.au	https://www.ozspots.com.au/product/motorola-g55-5g-128gb-forest-greyau-stock-6-5-full-hd-120hz-4gb-128gb-50mp-16mp-single-esim-5000mah-1-year-warranty/	None	66929271	None	N/A	N/A	N/A	N/A	N/A	N/A	N/A	N/A	N/A	N/A	N/A	N/A	N/A	N/A	N/A	N/A	N/A	N/A
24	VTech Industries	1392573	271	0	271.00	$D2025-10-01T10:14:05.777Z	new	False	False	www.vtechindustries.com.au	https://vtechindustries.com.au/products/motorola-g55-5g-128gb-forest-grey-au-stock-6-5-full-hd-120hz-4gb-128gb-50mp-16mp-dual-sim-water-protection-5000mah-1years-warranty-pb5u0017au?variant=49952549470496	None	66929271	None	N/A	N/A	N/A	N/A	N/A	N/A	N/A	N/A	N/A	N/A	N/A	N/A	N/A	N/A	N/A	N/A	N/A	N/A
25	Phonebot	33227	219	0	219.00	$D2025-10-01T10:14:05.777Z	new	False	True	www.phonebot.com.au	https://www.phonebot.com.au/motorola-refurbished/motorola-moto-g85-5g-128gb-like-new	None	66929271	None	N/A	N/A	N/A	N/A	N/A	N/A	N/A	1005284	Phonebot	1.8% cashback	1.8	phonebot	//cdn.cashrewards.com/phonebot.jpg?t=637835202711418728	True	False	phonebot.com.au	$D2023-07-30T11:50:50.100Z	$D2024-09-18T10:29:30.752Z
26	Tech Tack	13313	239	0	239.00	$D2025-10-01T10:14:05.777Z	new	False	False	techtack.com.au	https://techtack.com.au/products/moto-g55-5g-128gb-twilight-purple-pristine-refurbished-1?variant=51169257095399	None	66929271	None	N/A	N/A	N/A	N/A	N/A	N/A	N/A	N/A	N/A	N/A	N/A	N/A	N/A	N/A	N/A	N/A	N/A	N/A
27	Tristar Online	13311	239	0	239.00	$D2025-10-01T10:14:05.777Z	new	False	False	tristaronline.com.au	https://tristaronline.com.au/products/moto-g55-5g-128gb-twilight-purple-pristine-refurbished-1?variant=46824761196771	None	66929271	None	N/A	N/A	N/A	N/A	N/A	N/A	N/A	N/A	N/A	N/A	N/A	N/A	N/A	N/A	N/A	N/A	N/A	N/A
28	eBay - auschoicestore	227783334	372.99	0	372.99	$D2025-10-01T10:14:05.777Z	new	False	False	None	https://www.ebay.com.au/itm/388923944002	None	66929271	None	N/A	N/A	N/A	N/A	N/A	N/A	N/A	N/A	N/A	N/A	N/A	N/A	N/A	N/A	N/A	N/A	N/A	N/A
29	eBay - totally_tech	56765922	334.88	0	334.88	$D2025-10-01T10:14:05.777Z	new	False	False	None	https://www.ebay.com.au/itm/256970566101	None	66929271	None	N/A	N/A	N/A	N/A	N/A	N/A	N/A	N/A	N/A	N/A	N/A	N/A	N/A	N/A	N/A	N/A	N/A	N/A
30	Amazon	205066468	945	0	945.00	$D2025-10-01T10:14:05.777Z	new	False	False	None	https://www.amazon.com.au/dp/B09777J8L3	None	66929271	None	N/A	N/A	N/A	N/A	N/A	N/A	N/A	N/A	N/A	N/A	N/A	N/A	N/A	N/A	N/A	N/A	N/A	N/A
31	screwlooseit.com.au	1836231397	360.53	0	360.53	$D2025-10-01T10:14:05.777Z	new	False	False	None	https://shop.screwlooseit.com.au/product/motorola-g85-5g-128gb-urban-greyau-stock6-7full-hd120hz8gb-128gb50mp-32mpdual-simwater-protection5000mah2-year-warranty/	None	66929271	None	N/A	N/A	N/A	N/A	N/A	N/A	N/A	N/A	N/A	N/A	N/A	N/A	N/A	N/A	N/A	N/A	N/A	N/A
32	Personal Digital	14764	332.7	0	332.70	$D2025-10-01T10:14:05.777Z	new	False	False	www.personaldigital.com.au	https://www.personaldigital.com.au/products/motorola-g55-5g-dual-sim-4gb-128gb-forest-grey?variant=43382784622691	None	66929271	None	N/A	N/A	N/A	N/A	N/A	N/A	N/A	N/A	N/A	N/A	N/A	N/A	N/A	N/A	N/A	N/A	N/A	N/A
33	eBay - supersaverau	1497345437	354.36	0	354.36	$D2025-10-01T10:14:05.777Z	new	False	False	None	https://www.ebay.com.au/itm/387989004112	None	66929271	None	N/A	N/A	N/A	N/A	N/A	N/A	N/A	N/A	N/A	N/A	N/A	N/A	N/A	N/A	N/A	N/A	N/A	N/A
34	Skycomp Technology	612	322	0	322.00	$D2025-10-01T10:14:05.777Z	new	False	True	www.skycomp.com.au	https://www.skycomp.com.au/motorola-pb2a0021au-motorola-g85-5g-8-128gb-urban-grey-1049436.html	None	66929271	None	N/A	N/A	N/A	N/A	N/A	N/A	N/A	1003078	SKYCOMP	0.6% cashback	0.6	skycomp	//cdn.cashrewards.com/skycomp.jpg	True	False	skycomp.com.au	$D2023-07-30T11:50:50.100Z	$D2024-09-18T10:29:30.752Z
35	Gimmie	158	271.82	0	271.82	$D2025-10-01T10:14:05.777Z	new	False	False	gimmie.com.au	https://gimmie.com.au/product/moto-g55-5g-128gb-smokey-green/	None	66929271	None	N/A	N/A	N/A	N/A	N/A	N/A	N/A	N/A	N/A	N/A	N/A	N/A	N/A	N/A	N/A	N/A	N/A	N/A
36	Goodmayes Online	1163250169	337	0	337.00	$D2025-10-01T10:14:05.777Z	new	False	False	goodmayesonline.com.au	https://goodmayesonline.com.au/products/motorola-g85-5g-128gb-urban-grey-au-stock-6-7-full-hd-120hz-8gb-128gb-50mp-32mp-dual-sim-water-protection-5000mah-2-year-warranty	None	66929271	None	N/A	N/A	N/A	N/A	N/A	N/A	N/A	N/A	N/A	N/A	N/A	N/A	N/A	N/A	N/A	N/A	N/A	N/A
37	Dick Smith AU	156	388.99	0	388.99	$D2025-10-01T10:14:05.777Z	new	False	False	www.dicksmith.com.au	https://www.dicksmith.com.au/da/buy/mobile-world-motorola-moto-g85-5g-dual-sim128gb8gb-67-pb2a0021au-mot-g85-cfg-mot207065/	None	66929271	None	N/A	N/A	N/A	N/A	N/A	N/A	N/A	N/A	N/A	N/A	N/A	N/A	N/A	N/A	N/A	N/A	N/A	N/A
38	eBay - cedge_computers	329555319	417.15	0	417.15	$D2025-10-01T10:14:05.777Z	new	False	False	None	https://www.ebay.com.au/itm/267200954178	None	66929271	None	N/A	N/A	N/A	N/A	N/A	N/A	N/A	N/A	N/A	N/A	N/A	N/A	N/A	N/A	N/A	N/A	N/A	N/A
39	eBay - bq_shop01	1699888842	480.41	0	480.41	$D2025-10-01T10:14:05.777Z	new	False	False	None	https://www.ebay.com.au/itm/186892939326	None	66929271	None	N/A	N/A	N/A	N/A	N/A	N/A	N/A	N/A	N/A	N/A	N/A	N/A	N/A	N/A	N/A	N/A	N/A	N/A
40	eBay - activvalue	1022694986	492.95	0	492.95	$D2025-10-01T10:14:05.777Z	new	False	False	None	https://www.ebay.com.au/itm/267240043690	None	66929271	None	N/A	N/A	N/A	N/A	N/A	N/A	N/A	N/A	N/A	N/A	N/A	N/A	N/A	N/A	N/A	N/A	N/A	N/A
41	Laybyland	594331064	297	0	297.00	$D2025-10-01T10:14:05.777Z	new	False	False	www.laybyland.com.au	https://www.laybyland.com.au/electronics-and-office/phones/mobile-phones/moto-g55-5g-128gb-twilight-purple	None	66929271	None	N/A	N/A	N/A	N/A	N/A	N/A	N/A	N/A	N/A	N/A	N/A	N/A	N/A	N/A	N/A	N/A	N/A	N/A
42	MyLayby	215	297	0	297.00	$D2025-10-01T10:14:05.777Z	new	False	False	mylayby.com	https://mylayby.com/electronics-and-office/phones/mobile-phones/moto-g55-5g-128gb-twilight-purple	None	66929271	None	N/A	N/A	N/A	N/A	N/A	N/A	N/A	N/A	N/A	N/A	N/A	N/A	N/A	N/A	N/A	N/A	N/A	N/A
43	www.i-tech.com.au	175	263	0	263.00	$D2025-10-01T10:14:05.777Z	new	False	False	i-tech.com.au	https://i-tech.com.au/pb5u0017au-motorola-g55-4-128gb-forest-grey-422105.html	None	66929271	None	N/A	N/A	N/A	N/A	N/A	N/A	N/A	N/A	N/A	N/A	N/A	N/A	N/A	N/A	N/A	N/A	N/A	N/A
44	Pop Phones	1304191899	289	0	289.00	$D2025-10-01T10:14:05.777Z	new	False	False	None	https://www.popphones.com.au/shop/moto-g55-5g-6-5-inch-4gb-ram128gb-storage-forest-grey/	None	66929271	None	N/A	N/A	N/A	N/A	N/A	N/A	N/A	N/A	N/A	N/A	N/A	N/A	N/A	N/A	N/A	N/A	N/A	N/A
45	eBay - kickmobiles-ltd	1918886407	753.5	0	753.50	$D2025-10-01T10:14:05.777Z	new	False	False	None	https://www.ebay.com.au/itm/296765855181	None	66929271	None	N/A	N/A	N/A	N/A	N/A	N/A	N/A	N/A	N/A	N/A	N/A	N/A	N/A	N/A	N/A	N/A	N/A	N/A
46	eBay - jw_computers	866234857	408	0	408.00	$D2025-10-01T10:14:05.777Z	new	False	False	None	https://www.ebay.com.au/itm/226682899012	None	66929271	None	N/A	N/A	N/A	N/A	N/A	N/A	N/A	N/A	N/A	N/A	N/A	N/A	N/A	N/A	N/A	N/A	N/A	N/A
47	eBay - mobilesemporium	537164129	453	0	453.00	$D2025-10-01T10:14:05.777Z	new	False	False	None	https://www.ebay.com.au/itm/335829301249	None	66929271	None	N/A	N/A	N/A	N/A	N/A	N/A	N/A	N/A	N/A	N/A	N/A	N/A	N/A	N/A	N/A	N/A	N/A	N/A
48	Flashtrend.com.au	99	328.19	0	328.19	$D2025-10-01T10:14:05.777Z	new	False	False	www.flashtrend.com.au	https://www.flashtrend.com.au/motorola-g55-5g-128gb-forest-grey-au-stock-6.5-ful	None	66929271	None	N/A	N/A	N/A	N/A	N/A	N/A	N/A	N/A	N/A	N/A	N/A	N/A	N/A	N/A	N/A	N/A	N/A	N/A
49	eBay - soundsolutions_worldwide	16519497	653.83	0	653.83	$D2025-10-01T10:14:05.777Z	new	False	False	None	https://www.ebay.com.au/itm/205207919837	None	66929271	None	N/A	N/A	N/A	N/A	N/A	N/A	N/A	N/A	N/A	N/A	N/A	N/A	N/A	N/A	N/A	N/A	N/A	N/A
50	eBay - goclickonstore	1111384139	463.51	0	463.51	$D2025-10-01T10:14:05.777Z	new	False	False	None	https://www.ebay.com.au/itm/156834178564	None	66929271	None	N/A	N/A	N/A	N/A	N/A	N/A	N/A	N/A	N/A	N/A	N/A	N/A	N/A	N/A	N/A	N/A	N/A	N/A
51	eBay - madelectronicsaus	209429856	449	0	449.00	$D2025-10-01T10:14:05.777Z	new	False	False	None	https://www.ebay.com.au/itm/127323918672	None	66929271	None	N/A	N/A	N/A	N/A	N/A	N/A	N/A	N/A	N/A	N/A	N/A	N/A	N/A	N/A	N/A	N/A	N/A	N/A
52	eBay - one.stop.shoppee	289721920	364.51	0	364.51	$D2025-10-01T10:14:05.777Z	new	False	False	None	https://www.ebay.com.au/itm/176464907194	None	66929271	None	N/A	N/A	N/A	N/A	N/A	N/A	N/A	N/A	N/A	N/A	N/A	N/A	N/A	N/A	N/A	N/A	N/A	N/A
53	Tech Power Up	64458415	255.95	0	255.95	$D2025-10-01T10:14:05.777Z	new	False	False	techpowerup.com.au	https://techpowerup.com.au/products/motorola-g55-4-128gb-forest-grey?variant=50973254156577	None	66929271	None	N/A	N/A	N/A	N/A	N/A	N/A	N/A	N/A	N/A	N/A	N/A	N/A	N/A	N/A	N/A	N/A	N/A	N/A
54	eBay - cardanostore	1126623789	328	0	328.00	$D2025-10-01T10:14:05.777Z	new	False	False	None	https://www.ebay.com.au/itm/205417971636	None	66929271	None	N/A	N/A	N/A	N/A	N/A	N/A	N/A	N/A	N/A	N/A	N/A	N/A	N/A	N/A	N/A	N/A	N/A	N/A
55	eBay - oztechhub	478928300	417.05	0	417.05	$D2025-10-01T10:14:05.777Z	new	False	False	None	https://www.ebay.com.au/itm/167332599369	None	66929271	None	N/A	N/A	N/A	N/A	N/A	N/A	N/A	N/A	N/A	N/A	N/A	N/A	N/A	N/A	N/A	N/A	N/A	N/A
56	MyDeal	908	399	0	399.00	$D2025-10-01T10:14:05.777Z	new	True	True	mydeal.com.au	https://www.mydeal.com.au/motorola-g85-5g-smartphone-128gb-grey-15475674	None	66929271	None	7696	MyDeal.com.au	www.shopback.com.au/mydeal	Up to 3.6% Cashback	$D2023-08-01T09:56:13.775Z	$D2023-11-25T10:32:54.782Z	mydeal.com.au	1004953	MyDeal	Up to 4.2% cashback	4.2	mydeal	//cdn.cashrewards.com/mydeal.png?t=637672695131179086	True	False	mydeal.com.au	$D2023-07-30T11:50:50.100Z	$D2023-11-30T03:50:38.698Z
57	eBay - popphones	1109779110	295	0	295.00	$D2025-10-01T10:14:05.777Z	new	False	False	None	https://www.ebay.com.au/itm/376361604359	None	66929271	None	N/A	N/A	N/A	N/A	N/A	N/A	N/A	N/A	N/A	N/A	N/A	N/A	N/A	N/A	N/A	N/A	N/A	N/A
58	eBay - stormcomputersptyltd	1655089633	302.28	0	302.28	$D2025-10-01T10:14:05.777Z	new	False	False	None	https://www.ebay.com.au/itm/277184333679	None	66929271	None	N/A	N/A	N/A	N/A	N/A	N/A	N/A	N/A	N/A	N/A	N/A	N/A	N/A	N/A	N/A	N/A	N/A	N/A
59	eBay - pcmeal	2034664409	311	0	311.00	$D2025-10-01T10:14:05.777Z	new	False	False	None	https://www.ebay.com.au/itm/365815934673	None	66929271	None	N/A	N/A	N/A	N/A	N/A	N/A	N/A	N/A	N/A	N/A	N/A	N/A	N/A	N/A	N/A	N/A	N/A	N/A
60	eBay - dicksmithau	346879365	269	0	269.00	$D2025-10-01T10:14:05.777Z	new	False	False	None	https://www.ebay.com.au/itm/197594513274	None	66929271	None	N/A	N/A	N/A	N/A	N/A	N/A	N/A	N/A	N/A	N/A	N/A	N/A	N/A	N/A	N/A	N/A	N/A	N/A
61	eBay	1042295139	439.4	0	439.40	$D2025-10-01T10:14:05.777Z	new	False	False	www.ebay.com.au	https://www.ebay.com.au/itm/306455086973	None	66929271	None	N/A	N/A	N/A	N/A	N/A	N/A	N/A	N/A	N/A	N/A	N/A	N/A	N/A	N/A	N/A	N/A	N/A	N/A
62	LWT	555296346	260.7	0	260.70	$D2025-10-01T10:14:05.777Z	new	False	False	www.lwt.com.au	https://www.lwt.com.au/Product/MOT5633140/PB5U0017AU/MOTOROLA-G55-4-128GB-FOREST-GREY-MOBILE-PHONE	None	66929271	None	N/A	N/A	N/A	N/A	N/A	N/A	N/A	N/A	N/A	N/A	N/A	N/A	N/A	N/A	N/A	N/A	N/A	N/A
63	Lasoo	6823	332.7	0	332.70	$D2025-10-01T10:14:05.777Z	new	False	False	www.lasoo.com.au	https://www.lasoo.com.au/products/personal-digital/1716984/motorola-g55-5g-dual-sim-4gb128gb-forest-grey	None	66929271	None	N/A	N/A	N/A	N/A	N/A	N/A	N/A	N/A	N/A	N/A	N/A	N/A	N/A	N/A	N/A	N/A	N/A	N/A
64	TechBuy.com.au	66887907	279	0	279.00	$D2025-10-01T10:14:05.777Z	new	False	False	www.techbuy.com.au	https://www.techbuy.com.au/p/552141/MOBILE_PHONES_ANDROID_PHONES/Motorola/PB5U0017AU.asp	None	66929271	None	N/A	N/A	N/A	N/A	N/A	N/A	N/A	N/A	N/A	N/A	N/A	N/A	N/A	N/A	N/A	N/A	N/A	N/A
65	MightyApe.com.au	209	347.99	0	347.99	$D2025-10-01T10:14:05.777Z	new	False	False	www.mightyape.com.au	https://www.mightyape.com.au/ma/buy/motorola-moto-g85-5g-67-dual-sim-128gb8gb-cobalt-blue-00840023263934/	None	66929271	None	N/A	N/A	N/A	N/A	N/A	N/A	N/A	N/A	N/A	N/A	N/A	N/A	N/A	N/A	N/A	N/A	N/A	N/A
66	eBay - allphones_online	1877234208	319.65	0	319.65	$D2025-10-01T10:14:05.777Z	new	False	False	None	https://www.ebay.com.au/itm/167055760360	None	66929271	None	N/A	N/A	N/A	N/A	N/A	N/A	N/A	N/A	N/A	N/A	N/A	N/A	N/A	N/A	N/A	N/A	N/A	N/A
67	digiDirect Australia	1075	375.37	0	375.37	$D2025-10-01T10:14:05.777Z	new	False	True	www.digidirect.com.au	https://www.digidirect.com.au/motorola-moto-g85-5g-128gb-urban-grey	None	66929271	None	N/A	N/A	N/A	N/A	N/A	N/A	N/A	1004958	digiDirect	0.7% cashback	0.7	digidirect	//cdn.cashrewards.com/digidirect.jpg?t=637673637541467669	True	False	None	$D2023-11-30T03:50:38.698Z	$D2024-09-18T10:29:30.752Z
68	Mwave Australia	278	299	0	299.00	$D2025-10-01T10:14:05.777Z	new	True	True	mwave.com.au	https://www.mwave.com.au/product/motorola-g55-5g-128gb-smartphone-grey-ac80086	None	66929271	None	63702	Mwave	www.shopback.com.au/mwave	0.5% Cashback	$D2023-08-01T09:56:13.775Z	$D2023-11-25T10:32:54.782Z	mwave.com.au	1004885	Mwave	0.6% cashback	0.6	mwave	//cdn.cashrewards.com/mwave.png?t=637622737569102693	True	False	mwave.com.au	$D2023-07-30T11:50:50.100Z	$D2024-09-18T10:29:30.752Z
69	Kogan.com	103	295	0	295.00	$D2025-10-01T10:14:05.777Z	new	False	False	www.kogan.com	https://www.kogan.com/au/buy/motorola-moto-g55-5g-128gb-forest-grey-00840023282010/	None	66929271	None	N/A	N/A	N/A	N/A	N/A	N/A	N/A	N/A	N/A	N/A	N/A	N/A	N/A	N/A	N/A	N/A	N/A	N/A
70	Mobileciti	202	297	0	297.00	$D2025-10-01T10:14:05.777Z	new	True	True	www.mobileciti.com.au	https://www.mobileciti.com.au/motorola-moto-g55-5g-128gb-grey	None	66929271	None	8410	Mobileciti	www.shopback.com.au/mobileciti	Up to 2.10% Cashback	$D2023-08-01T09:56:13.775Z	None	mobileciti.com.au	1005098	Mobileciti	Up to 2.2% cashback	2.2	mobileciti	//cdn.cashrewards.com/mobileciti.jpg?t=637765071372444088	True	False	mobileciti.com.au	$D2023-07-30T11:50:50.100Z	None
71	optus.com.au	1376989360	291.5	0	291.50	$D2025-10-01T10:14:05.777Z	new	False	False	www.optus.com.au	https://www.optus.com.au/mobile/phones/motorola/g55	None	66929271	None	N/A	N/A	N/A	N/A	N/A	N/A	N/A	N/A	N/A	N/A	N/A	N/A	N/A	N/A	N/A	N/A	N/A	N/A
72	Woolworths	97	308.33	0	308.33	$D2025-10-01T10:14:05.777Z	new	False	False	www.woolworths.com.au	https://www.woolworths.com.au/shop/productdetails/1123031711	None	66929271	None	N/A	N/A	N/A	N/A	N/A	N/A	N/A	N/A	N/A	N/A	N/A	N/A	N/A	N/A	N/A	N/A	N/A	N/A
73	Bunnings Warehouse	47	387.72	0	387.72	$D2025-10-01T10:14:05.777Z	new	False	False	www.bunnings.com.au	https://www.bunnings.com.au/motorola-moto-g85-5g-dual-sim-128gb-8gb-6-7-urban-grey_p0668683	None	66929271	None	N/A	N/A	N/A	N/A	N/A	N/A	N/A	N/A	N/A	N/A	N/A	N/A	N/A	N/A	N/A	N/A	N/A	N/A
74	The Good Guys	10	297	0	297.00	$D2025-10-01T10:14:05.777Z	new	True	True	www.thegoodguys.com.au	https://www.thegoodguys.com.au/motorola-g55-5g-128gb-forest-grey-11901327177	None	66929271	None	8367	The Good Guys	www.shopback.com.au/the-good-guys	Up to 3% Cashback	$D2023-08-01T09:56:13.775Z	$D2023-11-25T10:32:54.782Z	thegoodguys.com.au	1004849	The Good Guys	Up to 2.3% cashback	2.3	the-good-guys	//cdn.cashrewards.com/the-good-guys.jpg?t=637599296823973829	True	False	thegoodguys.com.au	$D2023-07-30T11:50:50.100Z	$D2023-11-25T10:32:11.855Z
75	BIG W	52	349	0	349.00	$D2025-10-01T10:14:05.777Z	new	True	True	www.bigw.com.au	https://www.bigw.com.au/product/moto-g85-5g-128gb-urban-grey/p/947735	None	66929271	None	17706	Big W	www.shopback.com.au/bigw	Up to 4% Cashback	$D2023-08-01T09:56:13.775Z	$D2023-11-25T10:32:54.782Z	bigw.com.au	1004971	BIG W	Up to 2.4% cashback	2.4	big-w	//cdn.cashrewards.com/big-w.png?t=637690919703543365	True	False	bigw.com.au	$D2023-07-30T11:50:50.100Z	$D2023-11-30T03:50:38.698Z
76	JB Hi-Fi	9	299	0	299.00	$D2025-10-01T10:14:05.777Z	new	False	False	www.jbhifi.com.au	https://www.jbhifi.com.au/products/moto-g55-5g-128gb-forest-grey	None	66929271	None	N/A	N/A	N/A	N/A	N/A	N/A	N/A	N/A	N/A	N/A	N/A	N/A	N/A	N/A	N/A	N/A	N/A	N/A
77	Officeworks	57	297	0	297.00	$D2025-10-01T10:14:05.777Z	new	False	False	www.officeworks.com.au	https://www.officeworks.com.au/shop/officeworks/p/motorola-g55-smartphone-4-128gb-grey-motg55grey	None	66929271	None	N/A	N/A	N/A	N/A	N/A	N/A	N/A	N/A	N/A	N/A	N/A	N/A	N/A	N/A	N/A	N/A	N/A	N/A
78	betteroffice.store	1210947108	399	12	411.00	$D2025-09-21T08:28:49.109Z	new	False	False	betteroffice.store	https://betteroffice.store/products/motorola-g85-5g-128gb-urban-grey-au-stock-6-7full-hd-120hz8gb-128gb50mp-32mpdual-simwater-protection5000mah2-year-warranty?variant=45678690435226	None	66929271	None	N/A	N/A	N/A	N/A	N/A	N/A	N/A	N/A	N/A	N/A	N/A	N/A	N/A	N/A	N/A	N/A	N/A	N/A
79	Allphones Online	8569	388	0	388.00	$D2025-09-21T08:28:49.109Z	new	False	False	www.allphones.com.au	https://www.allphones.com.au/motorola-g85-5g-128gb-8gb-urban-grey	None	66929271	None	N/A	N/A	N/A	N/A	N/A	N/A	N/A	N/A	N/A	N/A	N/A	N/A	N/A	N/A	N/A	N/A	N/A	N/A
80	Mobile Wizard Store	1212885227	399	15	414.00	$D2025-08-31T04:09:41.562Z	new	False	False	www.mobilewizardstore.com.au	https://www.mobilewizardstore.com.au/product-page/motorola-g85-5g-128gb-urban-grey-au-stock-6-7-full	None	66929271	None	N/A	N/A	N/A	N/A	N/A	N/A	N/A	N/A	N/A	N/A	N/A	N/A	N/A	N/A	N/A	N/A	N/A	N/A
81	Auzzi Store	6332	421.04	0	421.04	$D2025-08-29T01:21:14.079Z	new	False	False	www.auzzistore.com.au	https://auzzistore.com.au/products/motorola-moto-g85-5g-128gb-urban-grey?variant=46348471075033	None	66929271	None	N/A	N/A	N/A	N/A	N/A	N/A	N/A	N/A	N/A	N/A	N/A	N/A	N/A	N/A	N/A	N/A	N/A	N/A
82	Retravision	80	296	7.76	303.76	$D2025-08-23T12:43:57.961Z	new	False	False	www.retravision.com.au	https://www.retravision.com.au/motorola-moto-g85-5g-128gb-urban-grey-11901324390-pb2a0021au	None	66929271	None	N/A	N/A	N/A	N/A	N/A	N/A	N/A	N/A	N/A	N/A	N/A	N/A	N/A	N/A	N/A	N/A	N/A	N/A
83	GimmeNow	48901932	359	9.7	368.70	$D2025-08-08T07:56:26.170Z	new	False	False	shop.gimmenow.com	https://shop.gimmenow.com/products/moto-g85-5g-128gb-urban-grey?variant=41987319857229	None	66929271	None	N/A	N/A	N/A	N/A	N/A	N/A	N/A	N/A	N/A	N/A	N/A	N/A	N/A	N/A	N/A	N/A	N/A	N/A
84	BroadScope Computers	1270	373	0	373.00	$D2025-05-21T10:54:54.362Z	new	False	False	broadscopeit.com.au	https://broadscopeit.com.au/products/motorola-g85-5g-8128gb-urban-grey-840023263927?variant=44856332845250	None	66929271	None	N/A	N/A	N/A	N/A	N/A	N/A	N/A	N/A	N/A	N/A	N/A	N/A	N/A	N/A	N/A	N/A	N/A	N/A
85	Joyce Mayne	711746650	298	7.95	305.95	$D2025-05-19T09:36:45.343Z	new	False	False	www.joycemayne.com.au	https://www.joycemayne.com.au/moto-g85-5g-128gb-urban-grey.html	None	66929271	None	N/A	N/A	N/A	N/A	N/A	N/A	N/A	N/A	N/A	N/A	N/A	N/A	N/A	N/A	N/A	N/A	N/A	N/A
86	Technology Centre	9940	365	30	395.00	$D2025-05-05T06:52:16.631Z	new	False	False	www.technologycentre.com.au	https://www.technologycentre.com.au/products/motorola-g85-5g-8-128gb-urban-grey-2509095	None	66929271	None	N/A	N/A	N/A	N/A	N/A	N/A	N/A	N/A	N/A	N/A	N/A	N/A	N/A	N/A	N/A	N/A	N/A	N/A
87	Catch.com.au	115	309.79	0	309.79	$D2025-04-29T08:48:50.058Z	new	False	False	www.catch.com.au	https://www.catch.com.au/product/motorola-moto-g85-5g-dual-sim-128gb-8gb-6-7-urban-grey-29240324/	None	66929271	None	N/A	N/A	N/A	N/A	N/A	N/A	N/A	N/A	N/A	N/A	N/A	N/A	N/A	N/A	N/A	N/A	N/A	N/A
88	Screwloose Online Shop	1424471618	397.21	25	422.21	$D2025-04-02T23:51:48.255Z	new	False	False	shop.screwlooseit.com.au	https://shop.screwlooseit.com.au/product/motorola-g85-5g-128gb-urban-greyau-stock6-7full-hd120hz8gb-128gb50mp-32mpdual-simwater-protection5000mah2-year-warranty/	None	66929271	None	N/A	N/A	N/A	N/A	N/A	N/A	N/A	N/A	N/A	N/A	N/A	N/A	N/A	N/A	N/A	N/A	N/A	N/A
89	Ezy P.C. Sales	2808065	377.19	12.95	390.14	$D2025-04-02T03:29:03.310Z	new	False	False	ezypcsales.com.au	https://ezypcsales.com.au/product/motorola-g85-5g-128gb-urban-greyau-stock6-7full-hd120hz8gb-128gb50mp-32mpdual-simwater-protection5000mah2-year-warranty/	None	66929271	None	N/A	N/A	N/A	N/A	N/A	N/A	N/A	N/A	N/A	N/A	N/A	N/A	N/A	N/A	N/A	N/A	N/A	N/A
90	eBay.com.au	157	332.64	0	332.64	$D2025-03-25T19:36:07.369Z	new	True	True	www.ebay.com.au	https://www.ebay.com.au/itm/395613019853	None	66929271	None	25493	eBay	www.shopback.com.au/ebay	Up to 4% Cashback	$D2023-08-01T09:56:13.775Z	$D2023-11-25T10:32:54.782Z	ebay.com.au	1001163	eBay Australia	Up to 5% cashback	5	ebay-australia	//cdn.cashrewards.com/ebay-australia.jpg	True	False	stores.ebay.com.au	$D2023-07-30T11:50:50.100Z	$D2024-09-18T10:29:30.752Z
91	Snaffle	78499855	622.18	0	622.18	$D2025-03-18T22:22:29.649Z	new	False	False	www.snaffle.com.au	https://www.snaffle.com.au/p/%7B%7Bprocess.slugify(decodeURIComponent(Variant.Slug))%7D%7D/	None	66929271	None	N/A	N/A	N/A	N/A	N/A	N/A	N/A	N/A	N/A	N/A	N/A	N/A	N/A	N/A	N/A	N/A	N/A	N/A
